Название вакансии,Компания,Зарплата,Ссылка,Опыт работы
Frontend-разработчик (Junior),Itwis,"30 000 – 60 000 ₽ за месяц, до вычета налогов",https://novosibirsk.hh.ru/vacancy/117435740?query=PHP+junior&hhtmFrom=vacancy_search_list,Без опыта
Frontend-разработчик (Junior),Itwis,"30 000 – 60 000 ₽ за месяц, до вычета налогов",https://novosibirsk.hh.ru/vacancy/117435740?query=PHP+junior&hhtmFrom=vacancy_search_list,Без опыта
Backend-разработчик (Junior),Itwis,"30 000 – 60 000 ₽ за месяц, до вычета налогов",https://novosibirsk.hh.ru/vacancy/117435680?query=PHP+junior&hhtmFrom=vacancy_search_list,Без опыта
Junior - PHP-программист (Backend / FullStack),Веб-студия Александра Дроздова,"60 000 – 90 000 ₽ за месяц, на руки",https://novosibirsk.hh.ru/vacancy/117486078?query=PHP+junior&hhtmFrom=vacancy_search_list,Без опыта
PHP-программист Junior,ООО ИНЛАЙН,"30 000 – 35 000 ₽ за месяц, на руки",https://novosibirsk.hh.ru/vacancy/116833499?query=PHP+junior&hhtmFrom=vacancy_search_list,Опыт 1-3 года
PHP-программист (Junior),Компания Intelsib,"40 000 – 50 000 ₽ за месяц, на руки",https://novosibirsk.hh.ru/vacancy/112292212?query=PHP+junior&hhtmFrom=vacancy_search_list,Без опыта
Junior/Junior+php программист (стажёр),ИП Ельмикеев Евгений Иванович,"от 30 000 ₽ за месяц, на руки",https://novosibirsk.hh.ru/vacancy/112185460?query=PHP+junior&hhtmFrom=vacancy_search_list,Без опыта
PHP-разработчик (junior),ООО 1C-Рарус,"от 70 000 ₽ за месяц, на руки",https://novosibirsk.hh.ru/vacancy/117379268?query=PHP+junior&hhtmFrom=vacancy_search_list,Без опыта
Junior Web Full-Stack Разработчик,Военно-медицинская академия им. С. М. Кирова,"от 60 000 ₽ за месяц, на руки",https://novosibirsk.hh.ru/vacancy/117216705?query=PHP+junior&hhtmFrom=vacancy_search_list,Опыт 1-3 года
Junior PHP Developer,SIBERS,Не указана,https://novosibirsk.hh.ru/vacancy/116129855?query=PHP+junior&hhtmFrom=vacancy_search_list,Опыт 1-3 года
PHP - разработчик (начальный уровень) / Junior программист,Micros Development,Не указана,https://novosibirsk.hh.ru/vacancy/117471048?query=PHP+junior&hhtmFrom=vacancy_search_list,Без опыта
Junior PHP Backend Developer (Стажер),Travelata.ru (ООО Травелата),"30 000 ₽ за месяц, на руки",https://novosibirsk.hh.ru/vacancy/116710571?query=PHP+junior&hhtmFrom=vacancy_search_list,Без опыта
"Junior backend разработчик Node.js , JavaScript",Облачная платформа Cenix.pro,"от 70 000 ₽ за месяц, на руки",https://novosibirsk.hh.ru/vacancy/115536832?query=PHP+junior&hhtmFrom=vacancy_search_list,Опыт 1-3 года
PHP-программист (junior),ООО Производственные Задачи,"от 50 000 ₽ за месяц, на руки",https://novosibirsk.hh.ru/vacancy/116828209?query=PHP+junior&hhtmFrom=vacancy_search_list,Без опыта
Junior/Middle PHP-разработчик,Digital-агентство AiR,"60 000 – 90 000 ₽ за месяц, на руки",https://novosibirsk.hh.ru/vacancy/116774033?query=PHP+junior&hhtmFrom=vacancy_search_list,Без опыта
Программист PHP (Junior/Middle),MPFIT,"от 80 000 ₽ за месяц, на руки",https://novosibirsk.hh.ru/vacancy/117467619?query=PHP+junior&hhtmFrom=vacancy_search_list,Опыт 1-3 года
"Junior Golang/PHP Backend Developer (Пермь, офис)",Где мои дети,Не указана,https://novosibirsk.hh.ru/vacancy/117307270?query=PHP+junior&hhtmFrom=vacancy_search_list,Опыт 1-3 года
Веб-разработчик (junior),ООО Лаборатория Интернет,"от 35 000 ₽ за месяц, на руки",https://novosibirsk.hh.ru/vacancy/117430789?query=PHP+junior&hhtmFrom=vacancy_search_list,Опыт 1-3 года
Программист Junior PHP Developer,АТМ АЛЬЯНС,"60 000 ₽ за месяц, на руки",https://novosibirsk.hh.ru/vacancy/116154937?query=PHP+junior&hhtmFrom=vacancy_search_list,Опыт 1-3 года
Junior PHP Developer,ООО Иксобит,Не указана,https://novosibirsk.hh.ru/vacancy/116127976?query=PHP+junior&hhtmFrom=vacancy_search_list,Без опыта
PHP-разработчик / web-программист (junior),ИНТЕРВОЛГА,"40 000 – 80 000 ₽ за месяц, на руки",https://novosibirsk.hh.ru/vacancy/116233711?query=PHP+junior&hhtmFrom=vacancy_search_list,Без опыта
Junior Frontend-developer,Радиофид,"60 000 – 80 000 ₽ за месяц, на руки",https://novosibirsk.hh.ru/vacancy/117250781?query=PHP+junior&hhtmFrom=vacancy_search_list,Опыт 1-3 года
Junior Full-stack developer PHP+JS / стажер,Кадровое агентство ЕВА,"от 50 000 ₽ за месяц, на руки",https://novosibirsk.hh.ru/vacancy/117253077?query=PHP+junior&hhtmFrom=vacancy_search_list,Без опыта
PHP-разработчик / PHP-developer,ITGLOBAL.COM,"от 40 000 ₽ за месяц, до вычета налогов",https://novosibirsk.hh.ru/vacancy/117444921?query=PHP+junior&hhtmFrom=vacancy_search_list,Без опыта
Junior PHP Laravel/Symfony разработчик,FrameWork Team,"от 40 000 ₽ за месяц, до вычета налогов",https://novosibirsk.hh.ru/vacancy/117366836?query=PHP+junior&hhtmFrom=vacancy_search_list,Опыт 1-3 года
Веб-разработчик Junior в агентство,Вас найдут,"от 60 000 ₽ за месяц, на руки",https://novosibirsk.hh.ru/vacancy/117320543?query=PHP+junior&hhtmFrom=vacancy_search_list,Без опыта
Junior Fullstack Разработчик,АО NOMAD insurance,Не указана,https://novosibirsk.hh.ru/vacancy/117001514?query=PHP+junior&hhtmFrom=vacancy_search_list,Опыт 1-3 года
Стажер-разработчик PHP,FrameWork Team,"от 15 000 ₽ за месяц, на руки",https://novosibirsk.hh.ru/vacancy/117135147?query=PHP+junior&hhtmFrom=vacancy_search_list,Опыт 1-3 года
Junior Fullstack-разработчик,Rocket Business,"40 000 – 80 000 ₽ за месяц, до вычета налогов",https://novosibirsk.hh.ru/vacancy/117371749?query=PHP+junior&hhtmFrom=vacancy_search_list,Без опыта
Стажер-программист PHP,Cloud4Y,"от 50 000 ₽ за месяц, на руки",https://novosibirsk.hh.ru/vacancy/117208432?query=PHP+junior&hhtmFrom=vacancy_search_list,Опыт 1-3 года
Junior PHP-разработчик,Издательство МОЗАИКА-СИНТЕЗ,Не указана,https://novosibirsk.hh.ru/vacancy/115386473?query=PHP+junior&hhtmFrom=vacancy_search_list,Опыт 1-3 года
PHP-программист (Junior) в офисе,Флюид-Лайн,Не указана,https://novosibirsk.hh.ru/vacancy/117280716?query=PHP+junior&hhtmFrom=vacancy_search_list,Без опыта
Младший программист PHP/ Junior PHP-Developer,"ООО «ОФИСМАГ», IT","от 110 000 ₽ за месяц, до вычета налогов",https://novosibirsk.hh.ru/vacancy/117285512?query=PHP+junior&hhtmFrom=vacancy_search_list,Опыт 1-3 года
Junior WEB-программист,ООО Contactgroup,"от 75 000 ₽ за месяц, на руки",https://novosibirsk.hh.ru/vacancy/116796475?query=PHP+junior&hhtmFrom=vacancy_search_list,Опыт 1-3 года
PHP Developer (Junior/Middle),ООО Новые Технологии,"80 000 – 150 000 ₽ за месяц, на руки",https://novosibirsk.hh.ru/vacancy/115688033?query=PHP+junior&hhtmFrom=vacancy_search_list,Опыт 1-3 года
PHP - разработчик,Система Бронирования,"до 150 000 ₽ за месяц, на руки",https://novosibirsk.hh.ru/vacancy/116239987?query=PHP+junior&hhtmFrom=vacancy_search_list,Опыт 1-3 года
PHP-программист (Junior / Middle),ООО Бизнес- Лидер,"60 000 – 90 000 ₽ за месяц, до вычета налогов",https://novosibirsk.hh.ru/vacancy/117151532?query=PHP+junior&hhtmFrom=vacancy_search_list,Опыт 1-3 года
Web-разработчик / Backend,Digital-агентство itDelta,"от 60 000 ₽ за месяц, до вычета налогов",https://novosibirsk.hh.ru/vacancy/117284175?query=PHP+junior&hhtmFrom=vacancy_search_list,Опыт 1-3 года
PHP-программист,ООО Флекскор,"80 000 – 130 000 ₽ за месяц, на руки",https://novosibirsk.hh.ru/vacancy/117031067?query=PHP+junior&hhtmFrom=vacancy_search_list,Опыт 1-3 года
Junior Back-end разработчик,ООО Сервис-В,"45 000 – 70 000 ₽ за месяц, до вычета налогов",https://novosibirsk.hh.ru/vacancy/117265114?query=PHP+junior&hhtmFrom=vacancy_search_list,Без опыта
Junior PHP Developer (PHP-разработчик),amoCRM,"от 60 000 ₽ за месяц, до вычета налогов",https://novosibirsk.hh.ru/vacancy/116912022?query=PHP+junior&hhtmFrom=vacancy_search_list,Опыт 1-3 года
Full-stack Developer (PHP / JS / WordPress),AbeloHost B.V.,"700 – 1 300 € за месяц, на руки",https://novosibirsk.hh.ru/vacancy/117468318?query=PHP+junior&hhtmFrom=vacancy_search_list,Опыт 1-3 года
PHP-разработчик,amoCRM,Не указана,https://novosibirsk.hh.ru/vacancy/107389419?query=PHP+junior&hhtmFrom=vacancy_search_list,Без опыта
Web-программист (junior),АвтоОпт,"50 000 – 70 000 ₽ за месяц, на руки",https://novosibirsk.hh.ru/vacancy/117239501?query=PHP+junior&hhtmFrom=vacancy_search_list,Опыт 1-3 года
Junior-разработчик,ТОО Бақ-ЛИЧ,Не указана,https://novosibirsk.hh.ru/vacancy/117091981?query=PHP+junior&hhtmFrom=vacancy_search_list,Без опыта
PHP-разработчик (Junior/Middle),ООО Финтех Айкью,Не указана,https://novosibirsk.hh.ru/vacancy/115612248?query=PHP+junior&hhtmFrom=vacancy_search_list,Опыт 1-3 года
Junior Backend разработчик (Laravel PHP Framework),ООО Amedia Online Group,"3 000 000 – 5 000 000 so'm за месяц, на руки",https://novosibirsk.hh.ru/vacancy/116566648?query=PHP+junior&hhtmFrom=vacancy_search_list,Без опыта
Junior fullstack-разработчик,"Текарт, консалтинговая группа","50 000 – 70 000 ₽ за месяц, до вычета налогов",https://novosibirsk.hh.ru/vacancy/93447921?query=PHP+junior&hhtmFrom=vacancy_search_list,Без опыта
Junior Backend Developer PHP (Laravel),ООО Операционное совершенство,Не указана,https://novosibirsk.hh.ru/vacancy/115393677?query=PHP+junior&hhtmFrom=vacancy_search_list,Опыт 1-3 года
Web-программист (Junior),Agile Digital Lab,"40 000 – 50 000 ₽ за месяц, на руки",https://novosibirsk.hh.ru/vacancy/80127090?query=PHP+junior&hhtmFrom=vacancy_search_list,Без опыта
PHP разработчик (junior),АО Фармстандарт,Не указана,https://novosibirsk.hh.ru/vacancy/110986989?query=PHP+junior&hhtmFrom=vacancy_search_list,Опыт 1-3 года
Junior php-разработчик (symfony),MOTIVITY,"от 100 000 ₽ за месяц, на руки",https://novosibirsk.hh.ru/vacancy/116329185?query=PHP+junior&hhtmFrom=vacancy_search_list,Опыт 1-3 года
Junior php-разработчик (symfony),MOTIVITY,"от 100 000 ₽ за месяц, на руки",https://novosibirsk.hh.ru/vacancy/116329185?query=PHP+junior&hhtmFrom=vacancy_search_list,Опыт 1-3 года
PHP-разработчик (Junior),ООО ПрограмЛаб,"от 55 000 ₽ за месяц, на руки",https://novosibirsk.hh.ru/vacancy/116827519?query=PHP+junior&hhtmFrom=vacancy_search_list,Без опыта
Junior backend разработчик,MediaProNet,Не указана,https://novosibirsk.hh.ru/vacancy/116647865?query=PHP+junior&hhtmFrom=vacancy_search_list,Опыт 1-3 года
Junior Full-stack PHP developer,Inktech web,Не указана,https://novosibirsk.hh.ru/vacancy/116840928?query=PHP+junior&hhtmFrom=vacancy_search_list,Опыт 1-3 года
Junior PHP разработчик,ООО Спортдата,"от 800 $ за месяц, на руки",https://novosibirsk.hh.ru/vacancy/115409880?query=PHP+junior&hhtmFrom=vacancy_search_list,Опыт 1-3 года
Junior Full-stack PHP developer,Inktech web,Не указана,https://novosibirsk.hh.ru/vacancy/116840926?query=PHP+junior&hhtmFrom=vacancy_search_list,Опыт 1-3 года
Junior-разработчик на PHP,ООО Ведисофт,"25 000 – 70 000 ₽ за месяц, на руки",https://novosibirsk.hh.ru/vacancy/114951174?query=PHP+junior&hhtmFrom=vacancy_search_list,Без опыта
Junior PHP developer,21vek.by,Не указана,https://novosibirsk.hh.ru/vacancy/115089230?query=PHP+junior&hhtmFrom=vacancy_search_list,Опыт 1-3 года
Junior php программист,ООО Вирэнт,"от 100 000 ₽ за месяц, на руки",https://novosibirsk.hh.ru/vacancy/116724624?query=PHP+junior&hhtmFrom=vacancy_search_list,Опыт 1-3 года
"Fullstack разработчик PHP, JavaScript, Bitrix",ООО ММВС,"40 000 – 60 000 ₽ за месяц, на руки",https://novosibirsk.hh.ru/vacancy/116686531?query=PHP+junior&hhtmFrom=vacancy_search_list,Без опыта
Junior PHP Backend Developer Yii2,ИП Василинюк Ярослав Богданович,"от 50 000 ₽ за месяц, на руки",https://novosibirsk.hh.ru/vacancy/116220229?query=PHP+junior&hhtmFrom=vacancy_search_list,Опыт 1-3 года
Стажер-разработчик/Стажер-программист,X3Group,Не указана,https://novosibirsk.hh.ru/vacancy/114950972?query=PHP+junior&hhtmFrom=vacancy_search_list,Без опыта
PHP-разработчик junior/middle/senior,Staff-Hub,Не указана,https://novosibirsk.hh.ru/vacancy/116229923?query=PHP+junior&hhtmFrom=vacancy_search_list,Без опыта
Младший PHP-разработчик Right Way,НОРБИТ,Не указана,https://novosibirsk.hh.ru/vacancy/110373251?query=PHP+junior&hhtmFrom=vacancy_search_list,Опыт 1-3 года
Junior PHP разработчик (Laravel),ТОО Baraholka-Express.kz,Не указана,https://novosibirsk.hh.ru/vacancy/116366826?query=PHP+junior&hhtmFrom=vacancy_search_list,Опыт 1-3 года
Junior PHP-разработчик (Bitrix),AGIMA,"до 120 000 ₽ за месяц, на руки",https://novosibirsk.hh.ru/vacancy/116001177?query=PHP+junior&hhtmFrom=vacancy_search_list,Опыт 1-3 года
Junior PHP Developer,ТОО Студия разработки EQUATOR,Не указана,https://novosibirsk.hh.ru/vacancy/117283390?query=PHP+junior&hhtmFrom=vacancy_search_list,Опыт 1-3 года
PHP разработчик,ОсОО CRM Technologies,"35 000 – 50 000 сом за месяц, на руки",https://novosibirsk.hh.ru/vacancy/117068658?query=PHP+junior&hhtmFrom=vacancy_search_list,Опыт 1-3 года
Backend-разработчик,ТОО CODEX KZ,"400 000 – 650 000 ₸ за месяц, на руки",https://novosibirsk.hh.ru/vacancy/117361783?query=PHP+junior&hhtmFrom=vacancy_search_list,Опыт 3-6 лет
Стажер Fullstack-разработчик (Практика),Corporate Solutions Group,Не указана,https://novosibirsk.hh.ru/vacancy/117121495?query=PHP+junior&hhtmFrom=vacancy_search_list,Без опыта
"Junior-разработчик (PHP, Laravel, React)",ТОО Айм Ивент,"350 000 – 500 000 ₸ за месяц, на руки",https://novosibirsk.hh.ru/vacancy/117071828?query=PHP+junior&hhtmFrom=vacancy_search_list,Опыт 1-3 года
Junior HTML-верстальщик,ИП Штернбек Владислав Александрович,"от 15 000 ₽ за месяц, на руки",https://novosibirsk.hh.ru/vacancy/117378613?query=PHP+junior&hhtmFrom=vacancy_search_list,Без опыта
Стажер (ученик) на курс backend-разработки (PHP),QSOFT,Не указана,https://novosibirsk.hh.ru/vacancy/103644845?query=PHP+junior&hhtmFrom=vacancy_search_list,Без опыта
Стажер Веб-разработчик +ML,ООО Амплифай Лэб,"20 000 ₽ за месяц, на руки",https://novosibirsk.hh.ru/vacancy/117022564?query=PHP+junior&hhtmFrom=vacancy_search_list,Без опыта
Junior программист php,TRINFI DIGITAL,Не указана,https://novosibirsk.hh.ru/vacancy/116842558?query=PHP+junior&hhtmFrom=vacancy_search_list,Опыт 1-3 года
Junior web программист / интегратор (арбитраж трафика),ИП Мартиросян Михаил Арменов,"50 000 – 70 000 ₽ за месяц, на руки",https://novosibirsk.hh.ru/vacancy/116520365?query=PHP+junior&hhtmFrom=vacancy_search_list,Без опыта
Начинающий разработчик Junior (Битрикс / PHP-программист),Компания Эхо,"35 000 – 50 000 ₽ за месяц, на руки",https://novosibirsk.hh.ru/vacancy/116564200?query=PHP+junior&hhtmFrom=vacancy_search_list,Без опыта
"Backend laravel разработчик (junior, junior+, middle)",REKA,Не указана,https://novosibirsk.hh.ru/vacancy/116457105?query=PHP+junior&hhtmFrom=vacancy_search_list,Без опыта
WEB - разработчик (Junior/Middle),АУДИТОРИЯ - Agency,"50 000 – 70 000 ₽ за месяц, на руки",https://novosibirsk.hh.ru/vacancy/116900460?query=PHP+junior&hhtmFrom=vacancy_search_list,Опыт 1-3 года
PHP-разработчик / PHP-developer,ITGLOBAL.COM,"от 40 000 ₽ за месяц, до вычета налогов",https://novosibirsk.hh.ru/vacancy/117444918?query=PHP+junior&hhtmFrom=vacancy_search_list,Опыт 1-3 года
Младший веб-разработчик (Bitrix Framework),ООО Квсемь,"от 70 000 ₽ за месяц, на руки",https://novosibirsk.hh.ru/vacancy/117438282?query=PHP+junior&hhtmFrom=vacancy_search_list,Опыт 1-3 года
"Начинающий Веб программист (Junior Web-разработчик, в офисе)","ООО РэйнбовСофт, НПО",Не указана,https://novosibirsk.hh.ru/vacancy/113027384?query=PHP+junior&hhtmFrom=vacancy_search_list,Без опыта
"Back-end разработчик (PHP), Senior",ТОО Freedom Pay,Не указана,https://novosibirsk.hh.ru/vacancy/116524629?query=PHP+junior&hhtmFrom=vacancy_search_list,Опыт 3-6 лет
WordPress-разработчик (Junior),WebTwin,"40 000 – 60 000 ₽ за месяц, на руки",https://novosibirsk.hh.ru/vacancy/117443114?query=PHP+junior&hhtmFrom=vacancy_search_list,Опыт 1-3 года
Bitrix разработчик / Битрикс программист (Junior),KONTUR - digital-агентство,Не указана,https://novosibirsk.hh.ru/vacancy/117409377?query=PHP+junior&hhtmFrom=vacancy_search_list,Без опыта
Mobile Development specialist (junior),Активные Системы,Не указана,https://novosibirsk.hh.ru/vacancy/116627538?query=PHP+junior&hhtmFrom=vacancy_search_list,Без опыта
Backend-разработчик,M1,"до 250 000 ₽ за месяц, на руки",https://novosibirsk.hh.ru/vacancy/116084490?query=PHP+junior&hhtmFrom=vacancy_search_list,Опыт 3-6 лет
Junior Java developer,РГП на ПХВ Инженерно-технический центр Управления Делами Президента Республики Казахстан,Не указана,https://novosibirsk.hh.ru/vacancy/117420152?query=PHP+junior&hhtmFrom=vacancy_search_list,Опыт 1-3 года
Junior QA Engineer | Ручное тестирование,ДОСТАЕВСКИЙ,"60 000 – 90 000 ₽ за месяц, на руки",https://novosibirsk.hh.ru/vacancy/117218930?query=PHP+junior&hhtmFrom=vacancy_search_list,Опыт 1-3 года
Laravel разработчик,ООО Центр Помощи Должникам,"50 000 – 80 000 ₽ за месяц, до вычета налогов",https://novosibirsk.hh.ru/vacancy/117138774?query=PHP+junior&hhtmFrom=vacancy_search_list,Опыт 1-3 года
Junior программист / разработчик сайтов на 1С-Битрикс,WEB ALTERNATIVE,"от 65 000 ₽ за месяц, на руки",https://novosibirsk.hh.ru/vacancy/117315113?query=PHP+junior&hhtmFrom=vacancy_search_list,Опыт 1-3 года
Team lead back-end developer (php / go),ООО Фитмост,"от 250 000 ₽ за месяц, на руки",https://novosibirsk.hh.ru/vacancy/116707542?query=PHP+junior&hhtmFrom=vacancy_search_list,Опыт 3-6 лет
Преподаватель компьютерных курсов для детей,Компьютерная академия TOP (Компьютерная Академия ТОП),Не указана,https://novosibirsk.hh.ru/vacancy/117371475?query=PHP+junior&hhtmFrom=vacancy_search_list,Опыт 1-3 года
Ведущий разработчик Битрикс24,ООО Мантера-Групп,Не указана,https://novosibirsk.hh.ru/vacancy/116510096?query=PHP+junior&hhtmFrom=vacancy_search_list,Опыт 3-6 лет
Тестировщик ПО (Junior QA ),MACRO,"60 000 – 70 000 ₽ за месяц, на руки",https://novosibirsk.hh.ru/vacancy/116822022?query=PHP+junior&hhtmFrom=vacancy_search_list,Опыт 1-3 года
Системный аналитик (младший),ТОО Ломбард Деньги населению,Не указана,https://novosibirsk.hh.ru/vacancy/116700154?query=PHP+junior&hhtmFrom=vacancy_search_list,Опыт 1-3 года
Senior Back-end разработчик (PHP/Laravel),BANKON24,"от 200 000 ₽ за месяц, на руки",https://novosibirsk.hh.ru/vacancy/117398458?query=PHP+junior&hhtmFrom=vacancy_search_list,Опыт 3-6 лет
Senior QA инженер CRM,ТОО Bilim Land (Bilim Media Group),Не указана,https://novosibirsk.hh.ru/vacancy/117432907?query=PHP+junior&hhtmFrom=vacancy_search_list,Опыт 1-3 года
Ведущий инженер-программист,ООО Магнитогорская энергетическая компания,"80 259 – 107 767 ₽ за месяц, до вычета налогов",https://novosibirsk.hh.ru/vacancy/116825181?query=PHP+junior&hhtmFrom=vacancy_search_list,Опыт 1-3 года
Junior SEO-специалист,ООО МАКСБИТСОЛЮШЕН,"от 800 $ за месяц, до вычета налогов",https://novosibirsk.hh.ru/vacancy/117385702?query=PHP+junior&hhtmFrom=vacancy_search_list,Опыт 1-3 года
Младший системный администратор с навыками SEO,Актимед плюс,"от 70 000 ₽ за месяц, на руки",https://novosibirsk.hh.ru/vacancy/117113493?query=PHP+junior&hhtmFrom=vacancy_search_list,Опыт 1-3 года
Младший системный администратор с навыками SEO,Актимед плюс,"от 70 000 ₽ за месяц, на руки",https://novosibirsk.hh.ru/vacancy/117113493?query=PHP+junior&hhtmFrom=vacancy_search_list,Опыт 1-3 года
Разработчик Back-End Java / BigData (Junior to Senior),ООО Kameleoon,"75 000 – 350 000 ₽ за месяц, до вычета налогов",https://novosibirsk.hh.ru/vacancy/116932284?query=PHP+junior&hhtmFrom=vacancy_search_list,Опыт 1-3 года
Junior разработчик,ЮниВеб,"35 000 – 60 000 ₽ за месяц, до вычета налогов",https://novosibirsk.hh.ru/vacancy/76806710?query=PHP+junior&hhtmFrom=vacancy_search_list,Без опыта
Junior - middle fullstack разработчик,ТОО AlmaTech,"от 500 000 ₸ за месяц, на руки",https://novosibirsk.hh.ru/vacancy/117082990?query=PHP+junior&hhtmFrom=vacancy_search_list,Опыт 3-6 лет
Middle Fullstack PHP-разработчик (отдел поддержки сайтов),Пиксель Плюс,Не указана,https://novosibirsk.hh.ru/vacancy/108336994?query=PHP+junior&hhtmFrom=vacancy_search_list,Опыт 1-3 года
Менеджер по подбору персонала/рекрутер,ООО Информационные технологии бизнеса,"40 000 – 60 000 ₽ за месяц, на руки",https://novosibirsk.hh.ru/vacancy/117069130?query=PHP+junior&hhtmFrom=vacancy_search_list,Опыт 1-3 года
Junior Devops / Системный администратор Jira(SaaS-сервисов),ООО Сервер в Аренду,"70 000 – 80 000 ₽ за месяц, на руки",https://novosibirsk.hh.ru/vacancy/116006587?query=PHP+junior&hhtmFrom=vacancy_search_list,Опыт 1-3 года
Junior QA Engineer,MaxLine,Не указана,https://novosibirsk.hh.ru/vacancy/117250233?query=PHP+junior&hhtmFrom=vacancy_search_list,Опыт 1-3 года
Специалист по взаимодействию с партнерами по вопросам интеграции импорта данных,Клиенты Из интернеТа,"от 100 000 ₽ за месяц, на руки",https://novosibirsk.hh.ru/vacancy/117373971?query=PHP+junior&hhtmFrom=vacancy_search_list,Опыт 3-6 лет
Ведущий инженер-программист (Битрикс / PHP-программист),Техдиректор,"100 000 – 160 000 ₽ за месяц, на руки",https://novosibirsk.hh.ru/vacancy/116335729?query=PHP+junior&hhtmFrom=vacancy_search_list,Опыт 3-6 лет
Преподаватель онлайн-курса Разработчик Битрикс24,ООО Отус,Не указана,https://novosibirsk.hh.ru/vacancy/116804000?query=PHP+junior&hhtmFrom=vacancy_search_list,Опыт 3-6 лет
Бизнес аналитик | Системный аналитик,ООО Мастерская Цифровых Решений,Не указана,https://novosibirsk.hh.ru/vacancy/116567882?query=PHP+junior&hhtmFrom=vacancy_search_list,Опыт 3-6 лет
Младший инженер по тестированию ПО,ООО Базальт СПО,"до 90 000 ₽ за месяц, до вычета налогов",https://novosibirsk.hh.ru/vacancy/115744753?query=PHP+junior&hhtmFrom=vacancy_search_list,Опыт 1-3 года
Разработчик PHP/Битрикс Junior (в офис),ООО Дрим Тим,"65 000 – 120 000 ₽ за месяц, до вычета налогов",https://novosibirsk.hh.ru/vacancy/117272405?query=PHP+junior&hhtmFrom=vacancy_search_list,Без опыта
"Backend-разработчик PHP (Junior/Middle, Bitrix)",ООО Д-проджект,"130 000 – 170 000 ₽ за месяц, на руки",https://novosibirsk.hh.ru/vacancy/107878982?query=PHP+junior&hhtmFrom=vacancy_search_list,Опыт 1-3 года
Программист PHP,ООО Пеопла,"от 80 000 ₽ за месяц, на руки",https://novosibirsk.hh.ru/vacancy/117271462?query=PHP+junior&hhtmFrom=vacancy_search_list,Опыт 1-3 года
Администратор Linux,QSOFT,Не указана,https://novosibirsk.hh.ru/vacancy/117275664?query=PHP+junior&hhtmFrom=vacancy_search_list,Опыт 1-3 года
Junior-программист,UTLab,"от 50 000 ₽ за месяц, на руки",https://novosibirsk.hh.ru/vacancy/115498282?query=PHP+junior&hhtmFrom=vacancy_search_list,Опыт 1-3 года
"Fullstack junior PHP разработчик (Symfony, Laravel; React)",Колос Студио,"до 130 000 ₽ за месяц, на руки",https://novosibirsk.hh.ru/vacancy/115545725?query=PHP+junior&hhtmFrom=vacancy_search_list,Опыт 3-6 лет
Младший программист (маркировка),Первый Бит,"до 50 000 ₽ за месяц, до вычета налогов",https://novosibirsk.hh.ru/vacancy/116827270?query=PHP+junior&hhtmFrom=vacancy_search_list,Без опыта
Младший программист(маркировка),Первый Бит,"от 50 000 ₽ за месяц, до вычета налогов",https://novosibirsk.hh.ru/vacancy/107769475?query=PHP+junior&hhtmFrom=vacancy_search_list,Без опыта
Младший программист(маркировка),Первый Бит,"от 50 000 ₽ за месяц, до вычета налогов",https://novosibirsk.hh.ru/vacancy/107769476?query=PHP+junior&hhtmFrom=vacancy_search_list,Без опыта
Младший программист (маркировка),Первый Бит,"от 50 000 ₽ за месяц, до вычета налогов",https://novosibirsk.hh.ru/vacancy/116491334?query=PHP+junior&hhtmFrom=vacancy_search_list,Без опыта
Младший программист (маркировка),Первый Бит,"от 50 000 ₽ за месяц, до вычета налогов",https://novosibirsk.hh.ru/vacancy/115911828?query=PHP+junior&hhtmFrom=vacancy_search_list,Без опыта
Младший программист (маркировка),Первый Бит,"до 50 000 ₽ за месяц, до вычета налогов",https://novosibirsk.hh.ru/vacancy/116827271?query=PHP+junior&hhtmFrom=vacancy_search_list,Без опыта
Junior PHP-разработчик (Bitrix),Влад АйТи,"от 100 000 ₽ за месяц, до вычета налогов",https://novosibirsk.hh.ru/vacancy/117116555?query=PHP+junior&hhtmFrom=vacancy_search_list,Опыт 1-3 года
Junior PHP-разработчик (Bitrix),Влад АйТи,"от 100 000 ₽ за месяц, до вычета налогов",https://novosibirsk.hh.ru/vacancy/117116553?query=PHP+junior&hhtmFrom=vacancy_search_list,Опыт 1-3 года
Системный аналитик (Junior),FM Logistic,"от 100 000 ₽ за месяц, до вычета налогов",https://novosibirsk.hh.ru/vacancy/117144935?query=PHP+junior&hhtmFrom=vacancy_search_list,Без опыта
Junior PHP-разработчик (Bitrix),Влад АйТи,"от 100 000 ₽ за месяц, до вычета налогов",https://novosibirsk.hh.ru/vacancy/117116554?query=PHP+junior&hhtmFrom=vacancy_search_list,Опыт 1-3 года
Младший инженер по тестированию ПО,ООО Базальт СПО,"до 90 000 ₽ за месяц, до вычета налогов",https://novosibirsk.hh.ru/vacancy/117152877?query=PHP+junior&hhtmFrom=vacancy_search_list,Опыт 1-3 года
Системный/Бизнес-аналитик (Junior),FM Logistic,"от 100 000 ₽ за месяц, до вычета налогов",https://novosibirsk.hh.ru/vacancy/115534351?query=PHP+junior&hhtmFrom=vacancy_search_list,Без опыта
Full-stack Web Developer (Главный разработчик),"Назарбаев интеллектуальные школы, Автономная организация образования","от 720 000 ₸ за месяц, до вычета налогов",https://novosibirsk.hh.ru/vacancy/117126449?query=PHP+junior&hhtmFrom=vacancy_search_list,Опыт 3-6 лет
Администратор linux (junior),Цифра,Не указана,https://novosibirsk.hh.ru/vacancy/117144159?query=PHP+junior&hhtmFrom=vacancy_search_list,Опыт 1-3 года
PHP-программист (Junior),КОЛЕСО.ру,Не указана,https://novosibirsk.hh.ru/vacancy/116711865?query=PHP+junior&hhtmFrom=vacancy_search_list,Опыт 1-3 года
Frontend Разработчик (Стажёр) на React / React Native,Purrweb,Не указана,https://novosibirsk.hh.ru/vacancy/116493963?query=PHP+junior&hhtmFrom=vacancy_search_list,Без опыта
Junior IT-рекрутер,Afterlogic Rus,"40 000 – 60 000 ₽ за месяц, до вычета налогов",https://novosibirsk.hh.ru/vacancy/115434754?query=PHP+junior&hhtmFrom=vacancy_search_list,Без опыта
"Младший аналитик Threat Intelligence, Darkweb",F.A.C.C.T.,Не указана,https://novosibirsk.hh.ru/vacancy/117083607?query=PHP+junior&hhtmFrom=vacancy_search_list,Без опыта
PHP-разработчик,ПАО БАНК УРАЛСИБ,Не указана,https://novosibirsk.hh.ru/vacancy/117022754?query=PHP+junior&hhtmFrom=vacancy_search_list,Опыт 3-6 лет
PHP-разработчик (удалённо),ПАО БАНК УРАЛСИБ,Не указана,https://novosibirsk.hh.ru/vacancy/115498190?query=PHP+junior&hhtmFrom=vacancy_search_list,Опыт 3-6 лет
"Backend разработчик (PHP, Laravel - middle, middle+)",ООО МЕН ИН ДЕВ,"от 150 000 ₽ за месяц, на руки",https://novosibirsk.hh.ru/vacancy/117042367?query=PHP+junior&hhtmFrom=vacancy_search_list,Опыт 3-6 лет
Junior Full Stack Developer,ООО Терехов,"75 000 – 90 000 ₽ за месяц, до вычета налогов",https://novosibirsk.hh.ru/vacancy/116994469?query=PHP+junior&hhtmFrom=vacancy_search_list,Опыт 1-3 года
PHP разработчик (Middle),Clickise,"90 000 – 150 000 ₽ за месяц, до вычета налогов",https://novosibirsk.hh.ru/vacancy/113013173?query=PHP+junior&hhtmFrom=vacancy_search_list,Опыт 1-3 года
Специалист по маркетинговым исследованиям,"""МТС"", Маркетинг и PR","от 150 000 ₽ за месяц, на руки",https://novosibirsk.hh.ru/vacancy/116623042?query=PHP+junior&hhtmFrom=vacancy_search_list,Опыт 3-6 лет
Web-программист,ЗАО Институт телекоммуникаций,"от 140 000 ₽ за месяц, на руки",https://novosibirsk.hh.ru/vacancy/104960179?query=PHP+junior&hhtmFrom=vacancy_search_list,Опыт 1-3 года
Senior SEO-специалист / Старший специалист по поисковому продвижению,Инженеры продаж,"90 000 – 140 000 ₽ за месяц, на руки",https://novosibirsk.hh.ru/vacancy/115134182?query=PHP+junior&hhtmFrom=vacancy_search_list,Опыт 3-6 лет
Frontend Разработчик (Junior) (удаленная работа не рассматривается),ООО ПрограмЛаб,"от 50 000 ₽ за месяц, на руки",https://novosibirsk.hh.ru/vacancy/116827549?query=PHP+junior&hhtmFrom=vacancy_search_list,Опыт 1-3 года
Junior Developer (стажер),NEXTLINE Лаборатория рекламы,"от 100 000 ₽ за месяц, на руки",https://novosibirsk.hh.ru/vacancy/116792570?query=PHP+junior&hhtmFrom=vacancy_search_list,Без опыта
Преподаватель по программированию и робототехнике/ Учитель информатики,ООО МИП ПОКОЛЕНИЕ 3Д,"750 – 1 500 ₽ за час, на руки",https://novosibirsk.hh.ru/vacancy/116856605?query=PHP+junior&hhtmFrom=vacancy_search_list,Без опыта
Laravel-разработчик,Alto,"до 130 000 ₽ за месяц, на руки",https://novosibirsk.hh.ru/vacancy/116792995?query=PHP+junior&hhtmFrom=vacancy_search_list,Опыт 1-3 года
SEO-специалист,"Nimax, digital-агентство",Не указана,https://novosibirsk.hh.ru/vacancy/116831633?query=PHP+junior&hhtmFrom=vacancy_search_list,Опыт 1-3 года
Junior (начинающий) веб разработчик с функциями системного администратора (Новосибирск),ООО Ноотериа Лабс,"60 000 – 80 000 ₽ за месяц, на руки",https://novosibirsk.hh.ru/vacancy/115707638?query=PHP+junior&hhtmFrom=vacancy_search_list,Опыт 1-3 года
Junior (начинающий) веб разработчик с функциями системного администратора (Новосибирск),ООО Ноотериа Лабс,"60 000 – 80 000 ₽ за месяц, на руки",https://novosibirsk.hh.ru/vacancy/115707638?query=PHP+junior&hhtmFrom=vacancy_search_list,Опыт 1-3 года
Junior web Разработчик 1С: Битрикс,VisionLab,"от 80 000 ₽ за месяц, до вычета налогов",https://novosibirsk.hh.ru/vacancy/116713114?query=PHP+junior&hhtmFrom=vacancy_search_list,Опыт 1-3 года
Рекрутер / Менеджер по подбору персонала,DELTA,"30 000 – 60 000 ₽ за месяц, на руки",https://novosibirsk.hh.ru/vacancy/115240797?query=PHP+junior&hhtmFrom=vacancy_search_list,Без опыта
Senior PHP-разработчик,ТОО MP Solutions,"до 1 500 000 ₸ за месяц, на руки",https://novosibirsk.hh.ru/vacancy/116685627?query=PHP+junior&hhtmFrom=vacancy_search_list,Опыт 3-6 лет
Junior IT Project manager,ООО Макс,Не указана,https://novosibirsk.hh.ru/vacancy/116367904?query=PHP+junior&hhtmFrom=vacancy_search_list,Опыт 1-3 года
Ведущий разработчик Битрикс24,ООО Мантера-Групп,Не указана,https://novosibirsk.hh.ru/vacancy/116510097?query=PHP+junior&hhtmFrom=vacancy_search_list,Опыт 3-6 лет
Ведущий разработчик Битрикс24,ООО Мантера-Групп,Не указана,https://novosibirsk.hh.ru/vacancy/116510099?query=PHP+junior&hhtmFrom=vacancy_search_list,Опыт 3-6 лет
Junior SEO-специалист / Специалист по SEO-продвижению,ООО Системные Бизнес Решения,"от 50 000 ₽ за месяц, на руки",https://novosibirsk.hh.ru/vacancy/115795181?query=PHP+junior&hhtmFrom=vacancy_search_list,Опыт 1-3 года
Junior - программист,SMART-SHOP,"от 80 000 ₽ за месяц, до вычета налогов",https://novosibirsk.hh.ru/vacancy/116593295?query=PHP+junior&hhtmFrom=vacancy_search_list,Без опыта
Программист PHP / Web-программист,ООО Полезные системы,Не указана,https://novosibirsk.hh.ru/vacancy/116545464?query=PHP+junior&hhtmFrom=vacancy_search_list,Опыт 1-3 года
Junior AppSec,ООО Газпромнефть-Снабжение,Не указана,https://novosibirsk.hh.ru/vacancy/116539819?query=PHP+junior&hhtmFrom=vacancy_search_list,Без опыта
Senior PHP-разработчик (Backend) для мобильного банковского приложения,Mikrokreditbank,Не указана,https://novosibirsk.hh.ru/vacancy/116590438?query=PHP+junior&hhtmFrom=vacancy_search_list,Опыт 3-6 лет
WEB-разработчик (php),Lucky Site,Не указана,https://novosibirsk.hh.ru/vacancy/116529499?query=PHP+junior&hhtmFrom=vacancy_search_list,Опыт 1-3 года
Аналитик ИБ (AppSec),Солар,Не указана,https://novosibirsk.hh.ru/vacancy/116630270?query=PHP+junior&hhtmFrom=vacancy_search_list,Опыт 1-3 года
PHP-программист Senior,ООО ГородРабот.ру,"от 175 000 ₽ за месяц, на руки",https://novosibirsk.hh.ru/vacancy/115183832?query=PHP+junior&hhtmFrom=vacancy_search_list,Опыт 3-6 лет
React-Native разработчика,Ляшук Александр,"30 000 – 100 000 ₽ за месяц, на руки",https://novosibirsk.hh.ru/vacancy/116528128?query=PHP+junior&hhtmFrom=vacancy_search_list,Опыт 1-3 года
"Старший Backend-разработчик (PHP, Laravel)",ООО Спутник,Не указана,https://novosibirsk.hh.ru/vacancy/116535101?query=PHP+junior&hhtmFrom=vacancy_search_list,Опыт 3-6 лет
Junior системный аналитик без опыта (IT-компания),IQ GROUP,Не указана,https://novosibirsk.hh.ru/vacancy/116510884?query=PHP+junior&hhtmFrom=vacancy_search_list,Без опыта
Ведущий программист (ведущий веб-разработчик/senior developer),СибГУТИ,Не указана,https://novosibirsk.hh.ru/vacancy/107239268?query=PHP+junior&hhtmFrom=vacancy_search_list,Опыт 1-3 года
Специалист технической поддержки,РобоФинанс,Не указана,https://novosibirsk.hh.ru/vacancy/116444540?query=PHP+junior&hhtmFrom=vacancy_search_list,Опыт 1-3 года
Junior программист / разработчик сайтов на 1С-Битрикс,WEB ALTERNATIVE,"от 65 000 ₽ за месяц, на руки",https://novosibirsk.hh.ru/vacancy/109421144?query=PHP+junior&hhtmFrom=vacancy_search_list,Опыт 1-3 года
Junior PHP-программист (Full-Stack),Equip Group,"от 100 000 ₽ за месяц, на руки",https://novosibirsk.hh.ru/vacancy/114936375?query=PHP+junior&hhtmFrom=vacancy_search_list,Опыт 1-3 года
Web-программист 1C-Bitrix,ООО Тюмень-Софт,Не указана,https://novosibirsk.hh.ru/vacancy/116208792?query=PHP+junior&hhtmFrom=vacancy_search_list,Опыт 1-3 года
"Битрикс разработчик (Bitrix, junior)",ООО Аддамант,Не указана,https://novosibirsk.hh.ru/vacancy/116101022?query=PHP+junior&hhtmFrom=vacancy_search_list,Без опыта
PHP Developer (PHP разработчик на Laravel),Liox Cleaners,"от 60 000 ₽ за месяц, на руки",https://novosibirsk.hh.ru/vacancy/116012837?query=PHP+junior&hhtmFrom=vacancy_search_list,Опыт 3-6 лет
PHP Developer (PHP разработчик на Laravel),Liox Cleaners,"от 60 000 ₽ за месяц, на руки",https://novosibirsk.hh.ru/vacancy/116012838?query=PHP+junior&hhtmFrom=vacancy_search_list,Опыт 3-6 лет
"Младший веб-разработчик (Vue.js, Laravel)",ИП Антонов Анатолий Александрович,"70 000 ₽ за месяц, до вычета налогов",https://novosibirsk.hh.ru/vacancy/116004648?query=PHP+junior&hhtmFrom=vacancy_search_list,Опыт 1-3 года
Старший разработчик (middle+/senior),ООО SolidLab,Не указана,https://novosibirsk.hh.ru/vacancy/116070153?query=PHP+junior&hhtmFrom=vacancy_search_list,Опыт 3-6 лет
Преподаватель по программированию и цифровому дизайну в детскую IT-школу,Школа программирования для детей CODDY,Не указана,https://novosibirsk.hh.ru/vacancy/115980149?query=PHP+junior&hhtmFrom=vacancy_search_list,Без опыта
Junior Fullstack-разработчик,ООО REVOLUTION ENTERTAINMENT,"4 000 000 – 6 000 000 so'm за месяц, на руки",https://novosibirsk.hh.ru/vacancy/117404960?query=PHP+junior&hhtmFrom=vacancy_search_list,Опыт 1-3 года
Junior PHP-разработчик,ООО COMING SOON STUDIO,Не указана,https://novosibirsk.hh.ru/vacancy/117023190?query=PHP+junior&hhtmFrom=vacancy_search_list,Без опыта
Интегратор CRM Bitrix24 (junior/middle/senior),ООО БеллКорБай,"от 1 500 Br за месяц, до вычета налогов",https://novosibirsk.hh.ru/vacancy/117486482?query=PHP+junior&hhtmFrom=vacancy_search_list,Опыт 1-3 года
Junior разработчик мобильных приложений (Java / Kotlin / Android Studio),"Услуги 22 век, ЧП","250 – 500 $ за месяц, на руки",https://novosibirsk.hh.ru/vacancy/112782441?query=PHP+junior&hhtmFrom=vacancy_search_list,Без опыта
FullStack / BackEnd - разработчик Vue | JS | PHP | Laravel | Bitrix | CMS,ОсОО Тру Айти,"до 200 000 сом за месяц, до вычета налогов",https://novosibirsk.hh.ru/vacancy/116788281?query=PHP+junior&hhtmFrom=vacancy_search_list,Опыт 1-3 года
FrontEnd / FullStack - разработчик Vue JS | JS | Laravel,ОсОО Тру Айти,"до 200 000 сом за месяц, до вычета налогов",https://novosibirsk.hh.ru/vacancy/116788127?query=PHP+junior&hhtmFrom=vacancy_search_list,Опыт 3-6 лет
PHP-разработчик Strong Junior-Middle-Middle+ (Symfony),Oracle Digital,"50 000 – 130 000 сом за месяц, до вычета налогов",https://novosibirsk.hh.ru/vacancy/113877695?query=PHP+junior&hhtmFrom=vacancy_search_list,Опыт 3-6 лет
"Backend Разработчик c#, .NET (strong junior, middle)",ТОО МФО «TAS FINANCE GROUP» (ТАС ФИНАНС ГРУПП),"500 000 – 700 000 ₸ за месяц, на руки",https://novosibirsk.hh.ru/vacancy/116534961?query=PHP+junior&hhtmFrom=vacancy_search_list,Опыт 1-3 года
Ведущий разработчик Битрикс24,ООО Мантера-Групп,Не указана,https://novosibirsk.hh.ru/vacancy/116510098?query=PHP+junior&hhtmFrom=vacancy_search_list,Опыт 3-6 лет
